{
  "Total" : {
    "transaction" : "Total",
    "sampleCount" : 3,
    "errorCount" : 0,
    "errorPct" : 0.0,
    "meanResTime" : 552.6666666666666,
    "medianResTime" : 193.0,
    "minResTime" : 189.0,
    "maxResTime" : 1276.0,
    "pct1ResTime" : 1276.0,
    "pct2ResTime" : 1276.0,
    "pct3ResTime" : 1276.0,
    "throughput" : 1.8061408789885611,
    "receivedKBytesPerSec" : 56.60358500150512,
    "sentKBytesPerSec" : 0.44271617248645395
  },
  "GET Books - 1" : {
    "transaction" : "GET Books - 1",
    "sampleCount" : 1,
    "errorCount" : 0,
    "errorPct" : 0.0,
    "meanResTime" : 1276.0,
    "medianResTime" : 1276.0,
    "minResTime" : 1276.0,
    "maxResTime" : 1276.0,
    "pct1ResTime" : 1276.0,
    "pct2ResTime" : 1276.0,
    "pct3ResTime" : 1276.0,
    "throughput" : 0.7836990595611285,
    "receivedKBytesPerSec" : 72.92457508816614,
    "sentKBytesPerSec" : 0.1446475803291536
  },
  "POST Book - 1" : {
    "transaction" : "POST Book - 1",
    "sampleCount" : 1,
    "errorCount" : 0,
    "errorPct" : 0.0,
    "meanResTime" : 189.0,
    "medianResTime" : 189.0,
    "minResTime" : 189.0,
    "maxResTime" : 189.0,
    "pct1ResTime" : 189.0,
    "pct2ResTime" : 189.0,
    "pct3ResTime" : 189.0,
    "throughput" : 5.291005291005291,
    "receivedKBytesPerSec" : 1.6792741402116402,
    "sentKBytesPerSec" : 1.9272900132275133
  },
  "GET Books By ID - 1" : {
    "transaction" : "GET Books By ID - 1",
    "sampleCount" : 1,
    "errorCount" : 0,
    "errorPct" : 0.0,
    "meanResTime" : 193.0,
    "medianResTime" : 193.0,
    "minResTime" : 193.0,
    "maxResTime" : 193.0,
    "pct1ResTime" : 193.0,
    "pct2ResTime" : 193.0,
    "pct3ResTime" : 193.0,
    "throughput" : 5.181347150259067,
    "receivedKBytesPerSec" : 3.3648397020725387,
    "sentKBytesPerSec" : 0.9664426813471503
  }
}